INSERT INTO fx_rates (from_currency, to_currency, rate) VALUES ('EUR', 'EUR', 1.0);
INSERT INTO fx_rates (from_currency, to_currency, rate) VALUES ('EUR', 'USD', 1.08);
INSERT INTO fx_rates (from_currency, to_currency, rate) VALUES ('EUR', 'GBP', 0.85);
INSERT INTO fx_rates (from_currency, to_currency, rate) VALUES ('EUR', 'CHF', 0.96);
INSERT INTO fx_rates (from_currency, to_currency, rate) VALUES ('USD', 'USD', 1.0);
INSERT INTO fx_rates (from_currency, to_currency, rate) VALUES ('USD', 'EUR', 0.93);
INSERT INTO fx_rates (from_currency, to_currency, rate) VALUES ('USD', 'GBP', 0.79);
INSERT INTO fx_rates (from_currency, to_currency, rate) VALUES ('USD', 'CHF', 0.89);
INSERT INTO fx_rates (from_currency, to_currency, rate) VALUES ('GBP', 'GBP', 1.0);
INSERT INTO fx_rates (from_currency, to_currency, rate) VALUES ('GBP', 'EUR', 1.17);
INSERT INTO fx_rates (from_currency, to_currency, rate) VALUES ('GBP', 'USD', 1.27);
INSERT INTO fx_rates (from_currency, to_currency, rate) VALUES ('CHF', 'CHF', 1.0);
INSERT INTO fx_rates (from_currency, to_currency, rate) VALUES ('CHF', 'EUR', 1.04);
INSERT INTO fx_rates (from_currency, to_currency, rate) VALUES ('CHF', 'USD', 1.12);
INSERT INTO fx_rates (from_currency, to_currency, rate) VALUES ('SGD', 'SGD', 1.0);
INSERT INTO fx_rates (from_currency, to_currency, rate) VALUES ('SGD', 'USD', 0.74);
INSERT INTO fx_rates (from_currency, to_currency, rate) VALUES ('AUD', 'AUD', 1.0);
INSERT INTO fx_rates (from_currency, to_currency, rate) VALUES ('AUD', 'USD', 0.65);
INSERT INTO fx_rates (from_currency, to_currency, rate) VALUES ('JPY', 'JPY', 1.0);
INSERT INTO fx_rates (from_currency, to_currency, rate) VALUES ('JPY', 'USD', 0.0067);
INSERT INTO fx_rates (from_currency, to_currency, rate) VALUES ('CNY', 'CNY', 1.0);
INSERT INTO fx_rates (from_currency, to_currency, rate) VALUES ('CNY', 'USD', 0.14);

INSERT INTO routing_rules (currency, preferred_rail, expected_settlement_hours) VALUES ('EUR', 'SEPA_SCT', 1);
INSERT INTO routing_rules (currency, preferred_rail, expected_settlement_hours) VALUES ('USD', 'FEDWIRE', 4);
INSERT INTO routing_rules (currency, preferred_rail, expected_settlement_hours) VALUES ('GBP', 'UK_FASTER_PAYMENTS', 2);
INSERT INTO routing_rules (currency, preferred_rail, expected_settlement_hours) VALUES ('CHF', 'SIC', 6);
INSERT INTO routing_rules (currency, preferred_rail, expected_settlement_hours) VALUES ('SGD', 'SWIFT_MT103', 24);
INSERT INTO routing_rules (currency, preferred_rail, expected_settlement_hours) VALUES ('AUD', 'SWIFT_MT103', 24);
INSERT INTO routing_rules (currency, preferred_rail, expected_settlement_hours) VALUES ('JPY', 'SWIFT_MT103', 24);
INSERT INTO routing_rules (currency, preferred_rail, expected_settlement_hours) VALUES ('CNY', 'SWIFT_MT103', 48);

INSERT INTO correspondent_banks (bic, name, active) VALUES ('DEUTDEDB', 'Deutsche Bank', 'Y');
INSERT INTO correspondent_banks (bic, name, active) VALUES ('NWBKGB2L', 'NatWest Bank', 'Y');
INSERT INTO correspondent_banks (bic, name, active) VALUES ('BNPAFRPP', 'BNP Paribas', 'Y');
INSERT INTO correspondent_banks (bic, name, active) VALUES ('INGBNL2A', 'ING Bank', 'Y');
INSERT INTO correspondent_banks (bic, name, active) VALUES ('CHASUS33', 'JPMorgan Chase', 'Y');
INSERT INTO correspondent_banks (bic, name, active) VALUES ('BOFAUS3N', 'Bank of America', 'Y');
INSERT INTO correspondent_banks (bic, name, active) VALUES ('UBSWCHZH', 'UBS Switzerland', 'Y');
INSERT INTO correspondent_banks (bic, name, active) VALUES ('OCBCSGSG', 'OCBC Bank Singapore', 'Y');

INSERT INTO supported_currency_pairs (debtor_currency, creditor_currency, active, min_amount, max_amount) VALUES ('EUR', 'EUR', 'Y', 0.01, 9999999.99);
INSERT INTO supported_currency_pairs (debtor_currency, creditor_currency, active, min_amount, max_amount) VALUES ('EUR', 'USD', 'Y', 0.01, 9999999.99);
INSERT INTO supported_currency_pairs (debtor_currency, creditor_currency, active, min_amount, max_amount) VALUES ('EUR', 'GBP', 'Y', 0.01, 9999999.99);
INSERT INTO supported_currency_pairs (debtor_currency, creditor_currency, active, min_amount, max_amount) VALUES ('EUR', 'CHF', 'Y', 0.01, 9999999.99);
INSERT INTO supported_currency_pairs (debtor_currency, creditor_currency, active, min_amount, max_amount) VALUES ('EUR', 'SGD', 'Y', 0.01, 9999999.99);
INSERT INTO supported_currency_pairs (debtor_currency, creditor_currency, active, min_amount, max_amount) VALUES ('EUR', 'AUD', 'Y', 0.01, 9999999.99);
INSERT INTO supported_currency_pairs (debtor_currency, creditor_currency, active, min_amount, max_amount) VALUES ('EUR', 'JPY', 'Y', 0.01, 9999999.99);
INSERT INTO supported_currency_pairs (debtor_currency, creditor_currency, active, min_amount, max_amount) VALUES ('EUR', 'CNY', 'Y', 0.01, 9999999.99);
INSERT INTO supported_currency_pairs (debtor_currency, creditor_currency, active, min_amount, max_amount) VALUES ('USD', 'EUR', 'Y', 0.01, 9999999.99);
INSERT INTO supported_currency_pairs (debtor_currency, creditor_currency, active, min_amount, max_amount) VALUES ('USD', 'USD', 'Y', 0.01, 9999999.99);
INSERT INTO supported_currency_pairs (debtor_currency, creditor_currency, active, min_amount, max_amount) VALUES ('USD', 'GBP', 'Y', 0.01, 9999999.99);
INSERT INTO supported_currency_pairs (debtor_currency, creditor_currency, active, min_amount, max_amount) VALUES ('USD', 'CHF', 'Y', 0.01, 9999999.99);
INSERT INTO supported_currency_pairs (debtor_currency, creditor_currency, active, min_amount, max_amount) VALUES ('USD', 'SGD', 'Y', 0.01, 9999999.99);
INSERT INTO supported_currency_pairs (debtor_currency, creditor_currency, active, min_amount, max_amount) VALUES ('USD', 'AUD', 'Y', 0.01, 9999999.99);
INSERT INTO supported_currency_pairs (debtor_currency, creditor_currency, active, min_amount, max_amount) VALUES ('USD', 'JPY', 'Y', 0.01, 9999999.99);
INSERT INTO supported_currency_pairs (debtor_currency, creditor_currency, active, min_amount, max_amount) VALUES ('USD', 'CNY', 'Y', 0.01, 9999999.99);
INSERT INTO supported_currency_pairs (debtor_currency, creditor_currency, active, min_amount, max_amount) VALUES ('GBP', 'EUR', 'Y', 0.01, 9999999.99);
INSERT INTO supported_currency_pairs (debtor_currency, creditor_currency, active, min_amount, max_amount) VALUES ('GBP', 'USD', 'Y', 0.01, 9999999.99);
INSERT INTO supported_currency_pairs (debtor_currency, creditor_currency, active, min_amount, max_amount) VALUES ('GBP', 'GBP', 'Y', 0.01, 9999999.99);
INSERT INTO supported_currency_pairs (debtor_currency, creditor_currency, active, min_amount, max_amount) VALUES ('GBP', 'CHF', 'Y', 0.01, 9999999.99);
INSERT INTO supported_currency_pairs (debtor_currency, creditor_currency, active, min_amount, max_amount) VALUES ('GBP', 'SGD', 'Y', 0.01, 9999999.99);
INSERT INTO supported_currency_pairs (debtor_currency, creditor_currency, active, min_amount, max_amount) VALUES ('GBP', 'AUD', 'Y', 0.01, 9999999.99);
INSERT INTO supported_currency_pairs (debtor_currency, creditor_currency, active, min_amount, max_amount) VALUES ('CHF', 'EUR', 'Y', 0.01, 9999999.99);
INSERT INTO supported_currency_pairs (debtor_currency, creditor_currency, active, min_amount, max_amount) VALUES ('CHF', 'USD', 'Y', 0.01, 9999999.99);
INSERT INTO supported_currency_pairs (debtor_currency, creditor_currency, active, min_amount, max_amount) VALUES ('CHF', 'GBP', 'Y', 0.01, 9999999.99);
INSERT INTO supported_currency_pairs (debtor_currency, creditor_currency, active, min_amount, max_amount) VALUES ('CHF', 'CHF', 'Y', 0.01, 9999999.99);
INSERT INTO supported_currency_pairs (debtor_currency, creditor_currency, active, min_amount, max_amount) VALUES ('SGD', 'USD', 'Y', 0.01, 9999999.99);
INSERT INTO supported_currency_pairs (debtor_currency, creditor_currency, active, min_amount, max_amount) VALUES ('SGD', 'EUR', 'Y', 0.01, 9999999.99);
INSERT INTO supported_currency_pairs (debtor_currency, creditor_currency, active, min_amount, max_amount) VALUES ('SGD', 'SGD', 'Y', 0.01, 9999999.99);
INSERT INTO supported_currency_pairs (debtor_currency, creditor_currency, active, min_amount, max_amount) VALUES ('AUD', 'USD', 'Y', 0.01, 9999999.99);
INSERT INTO supported_currency_pairs (debtor_currency, creditor_currency, active, min_amount, max_amount) VALUES ('AUD', 'EUR', 'Y', 0.01, 9999999.99);
INSERT INTO supported_currency_pairs (debtor_currency, creditor_currency, active, min_amount, max_amount) VALUES ('AUD', 'AUD', 'Y', 0.01, 9999999.99);
INSERT INTO supported_currency_pairs (debtor_currency, creditor_currency, active, min_amount, max_amount) VALUES ('JPY', 'USD', 'Y', 0.01, 9999999.99);
INSERT INTO supported_currency_pairs (debtor_currency, creditor_currency, active, min_amount, max_amount) VALUES ('JPY', 'EUR', 'Y', 0.01, 9999999.99);
INSERT INTO supported_currency_pairs (debtor_currency, creditor_currency, active, min_amount, max_amount) VALUES ('JPY', 'JPY', 'Y', 0.01, 9999999.99);
INSERT INTO supported_currency_pairs (debtor_currency, creditor_currency, active, min_amount, max_amount) VALUES ('CNY', 'USD', 'Y', 0.01, 9999999.99);
INSERT INTO supported_currency_pairs (debtor_currency, creditor_currency, active, min_amount, max_amount) VALUES ('CNY', 'EUR', 'Y', 0.01, 9999999.99);
INSERT INTO supported_currency_pairs (debtor_currency, creditor_currency, active, min_amount, max_amount) VALUES ('CNY', 'CNY', 'Y', 0.01, 9999999.99);
